{
  "UT Yadav": 9.095238095238095,
  "M Morkel": 7.357142857142858,
  "Shakib Al Hasan": 8.785714285714285,
  "SP Narine": 7.3125,
  "AD Russell": 7.967213114754098,
  "PP Chawla": 7.685714285714285,
  "SL Malinga": 7.4,
  "R Vinay Kumar": 8.459770114942529,
  "CJ Anderson": 8.25,
  "JJ Bumrah": 12.266666666666666,
  "PP Ojha": 11.5,
  "Harbhajan Singh": 7.824561403508772,
  "JA Morkel": 9.083333333333332,
  "NM Coulter-Nile": 7.552941176470588,
  "DJ Muthuswami": 7.2142857142857135,
  "Imran Tahir": 8.845070422535212,
  "A Mishra": 7.717842323651453,
  "JP Duminy": 7.411764705882353,
  "A Nehra": 7.241935483870968,
  "MM Sharma": 8.43859649122807,
  "IC Pandey": 7.193548387096774,
  "R Ashwin": 5.846153846153846,
  "DJ Bravo": 8.140127388535031,
  "Sandeep Sharma": 7,
  "Anureet Singh": 9,
  "AR Patel": 8.399999999999999,
  "Karanveer Singh": 11.214285714285715,
  "MG Johnson": 9.412844036697248,
  "TG Southee": 8.821428571428573,
  "CH Morris": 7.558139534883721,
  "DS Kulkarni": 7.914285714285715,
  "JP Faulkner": 9.466666666666667,
  "PV Tambe": 7.8235294117647065,
  "STR Binny": 7.368421052631579,
  "B Kumar": 7.87741935483871,
  "TA Boult": 8.428571428571427,
  "I Sharma": 11.357142857142858,
  "KV Sharma": 8.334728033472803,
  "RS Bopara": 8,
  "Parvez Rasool": 6.200000000000001,
  "RA Jadeja": 7.734375,
  "SA Abbott": 11.399999999999999,
  "HV Patel": 7.482889733840304,
  "VR Aaron": 10.211538461538462,
  "AN Ahmed": 10.666666666666666,
  "DJG Sammy": 8.333333333333332,
  "YS Chahal": 8.861209964412812,
  "KC Cariappa": 14,
  "YK Pathan": 9.7,
  "DJ Hooda": 8.505494505494505,
  "JD Unadkat": 10,
  "AD Mathews": 8.2,
  "Yuvraj Singh": 8,
  "P Suyal": 9.5,
  "J Suchith": 8.64102564102564,
  "KA Pollard": 9.473684210526315,
  "R Dhawan": 9.166666666666666,
  "P Kumar": 9.13888888888889,
  "A Ashish Reddy": 8.333333333333332,
  "S Gopal": 10.615384615384615,
  "PJ Cummins": 9.7,
  "GB Hogg": 6.857142857142857,
  "P Negi": 8.399999999999999,
  "RG More": 10.114285714285714,
  "GJ Maxwell": 9.7,
  "DW Steyn": 8.947368421052632,
  "NLTC Perera": 9.166666666666666,
  "Ankit Sharma": 8.142857142857142,
  "SR Watson": 9.275862068965516,
  "Iqbal Abdulla": 7.894736842105264,
  "D Wiese": 8.338582677165354,
  "MJ McClenaghan": 8.212765957446809,
  "HH Pandya": 10.352941176470589,
  "Shivam Sharma": 14.666666666666668,
  "R Tewatia": 10.333333333333334,
  "J Botha": 8.100000000000001,
  "MC Henriques": 6.319999999999999,
  "Bipul Sharma": 7.142857142857142,
  "MA Starc": 6.767441860465116,
  "S Nadeem": 6.142857142857142,
  "V Kohli": 5.454545454545454,
  "M Vijay": 7,
  "Z Khan": 6.455172413793103,
  "SK Raina": 7.75,
  "SN Thakur": 12.666666666666668,
  "J Theron": 10,
  "GS Sandhu": 10.25,
  "R Bhatia": 9.200000000000001,
  "RN ten Doeschate": 4,
  "S Aravind": 7.333333333333334,
  "M de Lange": 7.5,
  "BE Hendricks": 8.384615384615383,
  "Gurkeerat Singh": 7.333333333333334,
  "J Yadav": 4.142857142857142,
  "AB Dinda": 12.400000000000002,
  "Azhar Mahmood": 13.666666666666666,
  "BB Sran": 11.666666666666666,
  "CH Gayle": 7.5,
  "DR Smith": 8.5
}